{
  "OOD_novel": {
    "total": 1500,
    "success_rate": 0.122,
    "feasibility": 0.3893333333333333,
    "optimality": 0.104,
    "exact_match": 0.08733333333333333,
    "avg_distance_to_goal": 3.8493150684931505,
    "error_distribution": {
      "obstacle": 680,
      "out_of_bounds": 236,
      "wrong_end": 401,
      "none": 183
    },
    "per_size": {
      "8": {
        "total": 300,
        "success_rate": 0.33,
        "feasibility": 0.6666666666666666,
        "optimality": 0.3,
        "exact_match": 0.26666666666666666,
        "avg_distance_to_goal": 1.365,
        "error_distribution": {
          "none": 99,
          "obstacle": 81,
          "wrong_end": 101,
          "out_of_bounds": 19
        }
      },
      "9": {
        "total": 300,
        "success_rate": 0.18,
        "feasibility": 0.5333333333333333,
        "optimality": 0.14333333333333334,
        "exact_match": 0.10666666666666667,
        "avg_distance_to_goal": 2.14375,
        "error_distribution": {
          "obstacle": 101,
          "out_of_bounds": 39,
          "none": 54,
          "wrong_end": 106
        }
      },
      "11": {
        "total": 300,
        "success_rate": 0.08333333333333333,
        "feasibility": 0.3333333333333333,
        "optimality": 0.06666666666666667,
        "exact_match": 0.056666666666666664,
        "avg_distance_to_goal": 4.05,
        "error_distribution": {
          "out_of_bounds": 42,
          "obstacle": 158,
          "wrong_end": 75,
          "none": 25
        }
      },
      "14": {
        "total": 300,
        "success_rate": 0.01,
        "feasibility": 0.25333333333333335,
        "optimality": 0.006666666666666667,
        "exact_match": 0.006666666666666667,
        "avg_distance_to_goal": 8.171052631578947,
        "error_distribution": {
          "obstacle": 157,
          "wrong_end": 73,
          "out_of_bounds": 67,
          "none": 3
        }
      },
      "20": {
        "total": 300,
        "success_rate": 0.006666666666666667,
        "feasibility": 0.16,
        "optimality": 0.0033333333333333335,
        "exact_match": 0.0,
        "avg_distance_to_goal": 12.625,
        "error_distribution": {
          "out_of_bounds": 69,
          "wrong_end": 46,
          "obstacle": 183,
          "none": 2
        }
      }
    }
  }
}