{
  "OOD_novel": {
    "total": 1500,
    "success_rate": 0.11933333333333333,
    "feasibility": 0.43533333333333335,
    "optimality": 0.10466666666666667,
    "exact_match": 0.08733333333333333,
    "avg_distance_to_goal": 4.385911179173047,
    "error_distribution": {
      "obstacle": 639,
      "out_of_bounds": 208,
      "wrong_end": 474,
      "none": 179
    },
    "per_size": {
      "8": {
        "total": 300,
        "success_rate": 0.34,
        "feasibility": 0.6766666666666666,
        "optimality": 0.30333333333333334,
        "exact_match": 0.26,
        "avg_distance_to_goal": 1.2807881773399015,
        "error_distribution": {
          "none": 102,
          "obstacle": 80,
          "wrong_end": 101,
          "out_of_bounds": 17
        }
      },
      "9": {
        "total": 300,
        "success_rate": 0.16666666666666666,
        "feasibility": 0.57,
        "optimality": 0.15,
        "exact_match": 0.12,
        "avg_distance_to_goal": 2.573099415204678,
        "error_distribution": {
          "obstacle": 98,
          "wrong_end": 121,
          "out_of_bounds": 31,
          "none": 50
        }
      },
      "11": {
        "total": 300,
        "success_rate": 0.07666666666666666,
        "feasibility": 0.38333333333333336,
        "optimality": 0.06,
        "exact_match": 0.05,
        "avg_distance_to_goal": 4.2,
        "error_distribution": {
          "out_of_bounds": 45,
          "obstacle": 140,
          "wrong_end": 92,
          "none": 23
        }
      },
      "14": {
        "total": 300,
        "success_rate": 0.006666666666666667,
        "feasibility": 0.33666666666666667,
        "optimality": 0.006666666666666667,
        "exact_match": 0.006666666666666667,
        "avg_distance_to_goal": 8.801980198019802,
        "error_distribution": {
          "wrong_end": 99,
          "obstacle": 144,
          "out_of_bounds": 55,
          "none": 2
        }
      },
      "20": {
        "total": 300,
        "success_rate": 0.006666666666666667,
        "feasibility": 0.21,
        "optimality": 0.0033333333333333335,
        "exact_match": 0.0,
        "avg_distance_to_goal": 12.571428571428571,
        "error_distribution": {
          "obstacle": 177,
          "out_of_bounds": 60,
          "wrong_end": 61,
          "none": 2
        }
      }
    }
  }
}